tweet_id,tweet_time,user_id,tweet_text
1366147202339532801,2021-02-28 22:04:09,1249377778086051843,"RT @CraftyCharge: #CCIV This engineer worked at #APPL on a distance sensor app, then at a sensor company #Ouster and now at @LucidMotors wh‚Ä¶"
1366123053235666944,2021-02-28 20:28:11,1356331623634112518,"#CCIV This engineer worked at #APPL on a distance sensor app, then at a sensor company #Ouster and now at‚Ä¶ https://t.co/M4ZbGMovNe"
1366116674747785217,2021-02-28 20:02:51,2540436809,Lmao guess we making noise. #gme bout to get me my flying Tesla to Mars in no time. #stonks #gme #wallstreetbets‚Ä¶ https://t.co/PNqkj98GlC
1366095870031261696,2021-02-28 18:40:10,1260804827707314176,"RT @DaMetalGod: RT GeneralBastard ""@SendTheLoot One for our friends who are Kids in the Hall fans. Having an Average Weekend.  Listen to it‚Ä¶"
1366064310649298944,2021-02-28 16:34:46,1325414028,"RT DomainFQ: .
Domain Listed For Sale

https://t.co/lqfl2QWE70

Buy Now 

#Faysal #FaysalQuraishi #100DaysOfCode‚Ä¶ https://t.co/E8cB0j1tPk"
1366437262993485827,2021-03-01 17:16:45,2248819604,I can only imagine what the next generation #M1 #chip or #processor will be like. #Apple will blow us away probably‚Ä¶ https://t.co/eYUecpPtwm
1366419807021768706,2021-03-01 16:07:23,848174420359344128,"RT @TradingSurfers: Nasdaq 100 Index Update üìà

Charts are released earlier in our Discord group #joinus
Please like and share if you apprec‚Ä¶"
1366403614718238722,2021-03-01 15:03:02,1283519791,"S&amp;P 500 Index Update üìà

Will we ever correct in risk assets?

Charts are released earlier in our Discord group‚Ä¶ https://t.co/ZQ6XJUFhgh"
1366395429307482112,2021-03-01 14:30:31,1283519791,"Nasdaq 100 Index Update üìà

Charts are released earlier in our Discord group #joinus
Please like and share if you ap‚Ä¶ https://t.co/kyV2u4xL2w"
1366248766420918275,2021-03-01 04:47:44,1246626242763173888,@alexcutler247 thoughts on #appl and #cciv video rumor
1366882436647297030,2021-03-02 22:45:43,2590887830,"RT @FinanceCompound: Growth + Dividends = #APPL 
Why wouldn‚Äôt you?"
1366859161141657604,2021-03-02 21:13:13,106363496,Our $AAPL buy is flat but will be in green soon after this piercing candle retest #appl  become Premium and get acc‚Ä¶ https://t.co/CVfIRdZ0Nt
1366784110937726982,2021-03-02 16:15:00,1366428747503702019,"Growth + Dividends = #APPL 
Why wouldn‚Äôt you?"
1366767598977875969,2021-03-02 15:09:23,232447425,"RT @TradingSurfers: S&amp;P 500 Index Update üìà

We don't want to leave this channel yet. 
Hyper bullish count still possible (not shown here)‚Ä¶"
1366765751483445250,2021-03-02 15:02:03,1283519791,"S&amp;P 500 Index Update üìà

We don't want to leave this channel yet. 
Hyper bullish count still possible (not shown her‚Ä¶ https://t.co/HqwuZOmHeV"
1366758306400919552,2021-03-02 14:32:28,232447425,"RT @TradingSurfers: Nasdaq 100 Index Update üìà

Charts are released earlier in our Discord group #joinus
Please like and share if you apprec‚Ä¶"
1366757814660702212,2021-03-02 14:30:30,1283519791,"Nasdaq 100 Index Update üìà

Charts are released earlier in our Discord group #joinus
Please like and share if you ap‚Ä¶ https://t.co/efxYDy5MR3"
1366652491694227460,2021-03-02 07:31:59,4922731193,join me for free stocks on @WebullGlobal #webull #stonks #freestock #bitcoin¬†#Ethereum #BitcoinCash #Litecoin‚Ä¶ https://t.co/kwJoqwNhZv
1367247496590860289,2021-03-03 22:56:20,21613703,"It‚Äôs what? 4 weeks since Tech delivered blowout earnings? 
#APPL Q1 revenue of $111.4 bn up 21%, earnings up 35 per‚Ä¶ https://t.co/OwZYrFwV33"
1367196927511519233,2021-03-03 19:35:23,818315530801070080,@CoxRakim @BusinessFamous Picked up some üçé apples today. #appl #stonks
1367137161577922563,2021-03-03 15:37:54,264899857,#stockmarket watch out for the #APPL turn around... üíé
1367133793769955328,2021-03-03 15:24:31,1350100422791462913,#APPL and #CCIV rumours aren‚Äôt moving the price much.
1367077804530159626,2021-03-03 11:42:02,848174420359344128,"RT @TradingSurfers: S&amp;P 500 Index Update üìà

Charts are released earlier in our Discord group #joinus
Please like and share if you appreciat‚Ä¶"
1367071412045836289,2021-03-03 11:16:38,1301407593328381953,"On the occasion of Jamsetji Tata's 182nd Birth Anniversary, Team APPL salutes the indomitable industrialist who gav‚Ä¶ https://t.co/nDKEboMQvX"
1367063839288791046,2021-03-03 10:46:32,1283519791,"S&amp;P 500 Index Update üìà

Charts are released earlier in our Discord group #joinus
Please like and share if you appre‚Ä¶ https://t.co/biQK3fujtH"
1367062949525925889,2021-03-03 10:43:00,1283519791,"Nasdaq 100 Index Update üìà

Charts are released earlier in our Discord group #joinus
Please like and share if you ap‚Ä¶ https://t.co/IHhFGD1nBx"
1367030164278808578,2021-03-03 08:32:44,1301407593328381953,"The Hathikuli tea estate has, for decades, been a sanctuary for exotic Indian birds and animals and today, on‚Ä¶ https://t.co/iqtNY2P8vz"
1367581315080589318,2021-03-04 21:02:48,1283519791,"RT @TradingSurfers: Nasdaq 100 Index Update üìà

Charts are released earlier in our Discord group #joinus
Please like and share if you apprec‚Ä¶"
1367578702561878020,2021-03-04 20:52:25,20280591,Aside: #APPL $120 looks great value compared to other tech stocks. https://t.co/fy7lNTgMSA
1367572255316848640,2021-03-04 20:26:48,358259625,"@UnsubedJ It's all coming from #appl #apple tanking over 2%
 While fake ass $30 #GME is +$130 in #fakestockmarket‚Ä¶ https://t.co/xyfmYEVXX4"
1367552091846246406,2021-03-04 19:06:41,465155625,#AMC #APPL #TSLA Don‚Äôt be scared. https://t.co/W9m093WK42
1367546566416949250,2021-03-04 18:44:43,232447425,"RT @TradingSurfers: #DXY Update üìà

#Stocks dumping hard due to the #USD strengthening I have been warning you about for months.

Now comes‚Ä¶"
1367545472718667783,2021-03-04 18:40:23,2476762164,REMINDER that wallstreet controlled BOTS have also been attributed with getting #stockmarket hashtags like‚Ä¶ https://t.co/6WW4U1D5oi
1367544356857671688,2021-03-04 18:35:57,1283519791,"#DXY Update üìà

#Stocks dumping hard due to the #USD strengthening I have been warning you about for months.

Now co‚Ä¶ https://t.co/1op0KvXVB1"
1367514118496862208,2021-03-04 16:35:47,848174420359344128,"RT @TradingSurfers: Nasdaq 100 Index Update üìà

Charts are released earlier in our Discord group #joinus
Please like and share if you apprec‚Ä¶"
1367504363116232706,2021-03-04 15:57:01,163676787,"Tons of red today, and since tax returns came in I decided to load up some on long-term blue-chippers like $APPL &amp;‚Ä¶ https://t.co/Sa8ENjVYNF"
1367493778425184260,2021-03-04 15:14:58,57808442,Anybody crying over @SpeakerPelosi loosing money on  #TSLA #Appl Calls? Would you lose money if @SEC_Enforcement ga‚Ä¶ https://t.co/IV9cleHttD
1367490178554732554,2021-03-04 15:00:39,1283519791,"S&amp;P 500 Index Update üìà

Charts are released earlier in our Discord group #joinus
Please like and share if you appre‚Ä¶ https://t.co/lIbeF4324b"
1367485828004515849,2021-03-04 14:43:22,232447425,"RT @TradingSurfers: Nasdaq 100 Index Update üìà

Charts are released earlier in our Discord group #joinus
Please like and share if you apprec‚Ä¶"
1367482516781862912,2021-03-04 14:30:13,1283519791,"Nasdaq 100 Index Update üìà

Charts are released earlier in our Discord group #joinus
Please like and share if you ap‚Ä¶ https://t.co/0cq55RkiqY"
1367447684316082178,2021-03-04 12:11:48,4922731193,RT @sourkram: join me for free stocks on @WebullGlobal #webull #stonks #freestock #bitcoin¬†#Ethereum #BitcoinCash #Litecoin #dogecoin #altc‚Ä¶
1367441650356793348,2021-03-04 11:47:49,1363917087727616003,@pakpakchicken We all want the market to crash even moreeeee. Buy buy buy üî•üî• #TSLA #appl
1367438519862501378,2021-03-04 11:35:23,1880076432,"RT @CityAM: Apple facing UK competition probe over app store dominance 

The iPhone maker has been locked in a long-running dispute with ap‚Ä¶"
1367432824760983554,2021-03-04 11:12:45,45840503,"Apple facing UK competition probe over app store dominance 

The iPhone maker has been locked in a long-running dis‚Ä¶ https://t.co/WddNfACbKX"
1367432765398999046,2021-03-04 11:12:31,253043866,"RT @CityAM: Apple facing UK competition probe over app store dominance 

The iPhone maker has been locked in a long-running dispute with ap‚Ä¶"
1367432764312674309,2021-03-04 11:12:31,998581021317763072,"Apple facing UK competition probe over app store dominance 

The iPhone maker has been locked in a long-running dis‚Ä¶ https://t.co/4q75WtLLo5"
1367432656129060864,2021-03-04 11:12:05,45840503,"Apple facing UK competition probe over app store dominance 

The iPhone maker has been locked in a long-running dis‚Ä¶ https://t.co/5o50mcSSxV"
1367385162577715200,2021-03-04 08:03:22,1301407593328381953,Boost your health this #NationalSafetyDay with Hathikuli‚Äôs deliciously healthy organic tea range. Stay safe &amp; smash‚Ä¶ https://t.co/GKweVDEc7p
1367301774009389057,2021-03-04 02:32:00,362496024,"Comparing Cryptocurrency Against the Entire World‚Äôs Wealth in One Graph via @howmuch_net  can we get an update, 100‚Ä¶ https://t.co/MB2YvII0P4"
1367937405291012096,2021-03-05 20:37:47,1365430013579964418,If you are buying apple you are not with God. #Appl
1367917567260647425,2021-03-05 19:18:57,91625042,#TSLA #APPL great sync ) https://t.co/4T6OXTsMaR
1367869903504510980,2021-03-05 16:09:33,1166772455417024512,"#AAPL #APPL Broadcom Protected By Non-Cancellation Policy, Assures Genuine Chip Demand: Bloomberg‚Ä¶ https://t.co/oT8Aciyvvo"
1367854578750943232,2021-03-05 15:08:39,232447425,"RT @TradingSurfers: S&amp;P 500 Index Update üìà

Due to the poor slopes and EW substructure, my main scenarios are in yellow and red.

Charts ar‚Ä¶"
1367852427198742528,2021-03-05 15:00:06,1283519791,"S&amp;P 500 Index Update üìà

Due to the poor slopes and EW substructure, my main scenarios are in yellow and red.

Chart‚Ä¶ https://t.co/yzDCl3GOLK"
1367846114901123077,2021-03-05 14:35:01,1208467461521043456,"RT @TradingSurfers: Nasdaq 100 Index Update üìà

Charts are released earlier in our Discord group #joinus
Please like and share if you apprec‚Ä¶"
1367845204007522306,2021-03-05 14:31:24,232447425,"RT @TradingSurfers: Nasdaq 100 Index Update üìà

Charts are released earlier in our Discord group #joinus
Please like and share if you apprec‚Ä¶"
1367845011166011394,2021-03-05 14:30:38,1283519791,"Nasdaq 100 Index Update üìà

Charts are released earlier in our Discord group #joinus
Please like and share if you ap‚Ä¶ https://t.co/oT4faIt5La"
1367817808223076353,2021-03-05 12:42:32,1359564584214884352,"#APPL Apple set to face antitrust charges over Spotify complaint, according to reports.

https://t.co/xCyalXlxqR"
1368222481228570631,2021-03-06 15:30:34,1301407593328381953,"At APPL, we believe that women are an indispensable part of our entire existence. That‚Äôs why, through women-centric‚Ä¶ https://t.co/G3CO3Jlbwb"
1368197536184373255,2021-03-06 13:51:27,1250046602074624000,I‚Äôm having a crisis. #podcast #podcasting #spotify #podcasts #podcastersofinstagram #podcastlife #podcaster‚Ä¶ https://t.co/Jyb83VHGZh
